{"IcoMoonType":"selection","icons":[{"icon":{"paths":["M1024 590.444l-512-397.426-512 397.428v-162.038l512-397.426 512 397.428zM896 576v384h-256v-256h-256v256h-256v-384l384-288z"],"tags":["home","house"],"defaultCode":59648,"grid":16,"attrs":[]},"attrs":[],"properties":{"ligatures":"home, house","name":"home","order":2,"id":1,"prevSize":32,"code":59648},"setIdx":0,"setId":1,"iconIdx":0},{"icon":{"paths":["M512 32l-512 512 96 96 96-96v416h256v-192h128v192h256v-416l96 96 96-96-512-512zM512 448c-35.346 0-64-28.654-64-64s28.654-64 64-64c35.346 0 64 28.654 64 64s-28.654 64-64 64z"],"tags":["home","house"],"defaultCode":59649,"grid":16,"attrs":[]},"attrs":[],"properties":{"ligatures":"home2, house2","name":"home2","order":3,"id":2,"prevSize":32,"code":59649},"setIdx":0,"setId":1,"iconIdx":1},{"icon":{"paths":["M1024 608l-192-192v-288h-128v160l-192-192-512 512v32h128v320h320v-192h128v192h320v-320h128z"],"tags":["home","house"],"defaultCode":59650,"grid":16,"attrs":[]},"attrs":[],"properties":{"ligatures":"home3, house3","name":"home3","order":4,"id":3,"prevSize":32,"code":59650},"setIdx":0,"setId":1,"iconIdx":2},{"icon":{"paths":["M0 1024h512v-1024h-512v1024zM320 128h128v128h-128v-128zM320 384h128v128h-128v-128zM320 640h128v128h-128v-128zM64 128h128v128h-128v-128zM64 384h128v128h-128v-128zM64 640h128v128h-128v-128zM576 320h448v64h-448zM576 1024h128v-256h192v256h128v-576h-448z"],"tags":["office","buildings","work"],"defaultCode":59651,"grid":16,"attrs":[]},"attrs":[],"properties":{"ligatures":"office, buildings","name":"office","order":5,"id":4,"prevSize":32,"code":59651},"setIdx":0,"setId":1,"iconIdx":3},{"icon":{"paths":["M896 256v-128h-896v704c0 35.346 28.654 64 64 64h864c53.022 0 96-42.978 96-96v-544h-128zM832 832h-768v-640h768v640zM128 320h640v64h-640zM512 448h256v64h-256zM512 576h256v64h-256zM512 704h192v64h-192zM128 448h320v320h-320z"],"tags":["newspaper","news","paper"],"defaultCode":59652,"grid":16,"attrs":[]},"attrs":[],"properties":{"ligatures":"newspaper, news","name":"newspaper","order":6,"id":5,"prevSize":32,"code":59652},"setIdx":0,"setId":1,"iconIdx":4},{"icon":{"paths":["M864 0c88.364 0 160 71.634 160 160 0 36.020-11.91 69.258-32 96l-64 64-224-224 64-64c26.742-20.090 59.978-32 96-32zM64 736l-64 288 288-64 592-592-224-224-592 592zM715.578 363.578l-448 448-55.156-55.156 448-448 55.156 55.156z"],"tags":["pencil","write","edit"],"defaultCode":59653,"grid":16,"attrs":[]},"attrs":[],"properties":{"ligatures":"pencil, write","name":"pencil","order":7,"id":6,"prevSize":32,"code":59653},"setIdx":0,"setId":1,"iconIdx":5},{"icon":{"paths":["M384 640l128-64 448-448-64-64-448 448-64 128zM289.3 867.098c-31.632-66.728-65.666-100.762-132.396-132.394l99.096-272.792 128-77.912 384-384h-192l-384 384-192 640 640-192 384-384v-192l-384 384-77.912 128z"],"tags":["pencil","write","edit"],"defaultCode":59654,"grid":16,"attrs":[]},"attrs":[],"properties":{"ligatures":"pencil2, write2","name":"pencil2","order":8,"id":7,"prevSize":32,"code":59654},"setIdx":0,"setId":1,"iconIdx":6},{"icon":{"paths":["M0 1024c128-384 463-1024 1024-1024-263 211-384 704-576 704s-192 0-192 0l-192 320h-64z"],"tags":["quill","feather","write","edit"],"defaultCode":59655,"grid":16,"attrs":[]},"attrs":[],"properties":{"ligatures":"quill, feather","name":"quill","order":10,"id":8,"prevSize":32,"code":59655},"setIdx":0,"setId":1,"iconIdx":7},{"icon":{"paths":["M1018.17 291.89l-286.058-286.058c-9.334-9.334-21.644-7.234-27.356 4.666l-38.354 79.904 267.198 267.198 79.904-38.354c11.9-5.712 14-18.022 4.666-27.356z","M615.384 135.384l-263.384 21.95c-17.5 2.166-32.080 5.898-37.090 28.752-0.006 0.024-0.012 0.042-0.018 0.066-71.422 343.070-314.892 677.848-314.892 677.848l57.374 57.374 271.986-271.99c-5.996-12.53-9.36-26.564-9.36-41.384 0-53.020 42.98-96 96-96s96 42.98 96 96-42.98 96-96 96c-14.82 0-28.852-3.364-41.384-9.36l-271.988 271.986 57.372 57.374c0 0 334.778-243.47 677.848-314.892 0.024-0.006 0.042-0.012 0.066-0.018 22.854-5.010 26.586-19.59 28.752-37.090l21.95-263.384-273.232-273.232z"],"tags":["pen","write","edit"],"defaultCode":59656,"grid":16,"attrs":[]},"attrs":[],"properties":{"ligatures":"pen, write3","name":"pen","order":9,"id":9,"prevSize":32,"code":59656},"setIdx":0,"setId":1,"iconIdx":8}],"height":1024,"metadata":{"name":"icomoon"},"preferences":{"showGlyphs":true,"showQuickUse":true,"showQuickUse2":true,"showSVGs":true,"fontPref":{"prefix":"icon-","metadata":{"fontFamily":"icomoon"},"metrics":{"emSize":1024,"baseline":6.25,"whitespace":50},"embed":false},"imagePref":{"prefix":"icon-","png":true,"useClassSelector":true,"color":0,"bgColor":16777215,"classSelector":".icon"},"historySize":50,"showCodes":true,"gridSize":16}}